N,equanimity_subsets,equanimity_subsets_normalized,equanimity_importance,entanglement
2,-0.4375,0.5,0.5,4
3,-1.75,0.416667,0.5,5
4,-4.13672,0.554688,0.375,6
5,-16.125,0.503125,0.375,7
6,-45.2373,0.578125,0.3125,8
7,-178.562,0.540737,0.3125,9
8,-549.54,0.591141,0.273438,10
9,-2182.87,0.561801,0.273438,11
10,-7095.53,0.59942,0.246094,12
