N,equanimity_subsets,equanimity_subsets_normalized,equanimity_importance,entanglement
4,-1.60938,0.632813,0.5625,8
5,-4.95449,0.665469,0.6125,9
6,-7.9888,0.731879,0.645833,13
7,-25.9279,0.761985,0.667411,17
8,-57.5126,0.799682,0.685547,24
9,-183.875,0.812058,0.704427,35
10,-288.012,0.83936,0.73125,50
